gene	so_id	variant_type	variant_name	representative_transcript	top_evidence_level	diseases	evidence_types	number_of_evidence_statements	evidence_score	chrom	start	stop
TP53	SO:0000817	wild_type	WILD TYPE	ENST00000269305.4	B	Colorectal Cancer, Non-small Cell Lung Carcinoma, Esophageal Carcinoma, Cancer, Leukemia	Predictive	6	64	17	7571720	7590856
PTEN	SO:0001893	transcript_ablation	DELETION	ENST00000371953.3	B	Prostate Adenocarcinoma, Prostate Cancer	Prognostic, Predictive	3	44	10	89622870	89731687
IKZF1	SO:0001893	transcript_ablation	DELETION	ENST00000331340.3	B	Precursor B Lymphoblastic Lymphoma/leukemia, Acute Lymphocytic Leukemia	Prognostic	5	68	7	50344378	50472799
SMARCA4	SO:0001564	gene_variant	MUTATION	ENST00000358026.2	B	Small Cell Carcinoma Of The Ovary Hypercalcemic Type	Diagnostic	1	20	19	11071598	11172958
VHL	SO:0001564	gene_variant	MUTATION	ENST00000256474.2	B	Renal Clear Cell Carcinoma, Renal Cell Carcinoma	Prognostic, Predictive	5	68	3	10182692	10193904
BRAF	SO:0001564	gene_variant	MUTATION	ENST00000288602.6	B	Cancer, Colorectal Cancer	Predictive, Prognostic	4	44	7	140453136	140481403
BRCA1	SO:0001564	gene_variant	MUTATION	ENST00000357654.3	A	Epithelial Ovarian Cancer, Cancer, Ovarian Cancer, Breast Cancer, Ovarian Carcinoma, Triple-receptor Negative Breast Cancer	Prognostic, Predictive	11	148	17	41196312	41277387
BRCA2	SO:0001564	gene_variant	MUTATION	ENST00000380152.3	A	Epithelial Ovarian Cancer, Ovarian Cancer, Breast Cancer, Cancer, Ovarian Carcinoma, Triple-receptor Negative Breast Cancer	Prognostic, Predictive	10	132	13	32889611	32973347
SRSF2	SO:0001564	gene_variant	MUTATION	ENST00000392485.2	B	Acute Myeloid Leukemia	Prognostic	1	20	17	74732402	74733113
TET2	SO:0001564	gene_variant	MUTATION	ENST00000513237.1	B	Acute Myeloid Leukemia, Myelodysplastic Syndrome	Prognostic	6	96	4	106067450	106200973
PBRM1	SO:0001549	transcription_variant	MUTATION	ENST00000394830.3	B	Renal Clear Cell Carcinoma, Renal Cell Carcinoma	Prognostic	2	24	3	52581857	52719852
ATM	SO:0001549	transcription_variant	MUTATION	ENST00000278616.4	A	Glioblastoma Multiforme, Melanoma, Hematologic Cancer, Chronic Lymphocytic Leukemia, Prostate Cancer, Mantle Cell Lymphoma	Predictive, Prognostic	7	74	11	108093559	108239826
BRCA1	SO:0001786	loss_of_heterozygosity	LOSS-OF-FUNCTION	ENST00000357654.3	B	Prostate Cancer, Ovarian Cancer, Breast Cancer, Her2-receptor Negative Breast Cancer	Predictive, Prognostic	7	90	17	41196312	41277387
MYD88	SO:0002053	gain_of_function_variant	L265P	ENST00000396334.3	B	Waldenstroms Macroglobulinemia, Chronic Lymphocytic Leukemia	Predictive, Prognostic	3	26	3	38182641	38182641
NRAS	SO:0002053	gain_of_function_variant	MUTATION	ENST00000369535.4	A	Colorectal Cancer, Acute Myeloid Leukemia, Melanoma, Multiple Myeloma, Cancer, Skin Melanoma	Prognostic, Predictive	16	162	1	115247090	115259515
JAK2	SO:0002053	gain_of_function_variant	V617F	ENST00000381652.3	B	Lymphoid Leukemia, Chronic Myeloid Leukemia, Bone Marrow Cancer, Polycythemia Vera	Diagnostic, Predictive	5	70	9	5073770	5073770
FLT3	SO:0002053	gain_of_function_variant	MUTATION	ENST00000241453.7	A	Acute Myeloid Leukemia	Prognostic, Predictive	4	43	13	28577411	28674729
PIK3CA	SO:0002053	gain_of_function_variant	MUTATION	ENST00000263967.3	B	Her2-receptor Positive Breast Cancer, Head And Neck Squamous Cell Carcinoma, Endometrial Cancer, Colorectal Cancer, Breast Cancer, Head And Neck Cancer, Cancer, Stomach Cancer	Predictive	19	146	3	178866311	178957881
CEBPA	SO:0002054	loss_of_function_variant	MUTATION	ENST00000498907.2	B	Acute Myeloid Leukemia	Prognostic, Predictive	6	84	19	33790840	33793470
SMAD4	SO:0002054	loss_of_function_variant	MUTATION	ENST00000342988.3	B	Pancreatic Adenocarcinoma, Colorectal Cancer	Prognostic, Predictive	2	20	18	48556583	48611409
STK11	SO:0002054	loss_of_function_variant	LOSS	ENST00000326873.7	B	Peutz-Jeghers Syndrome, Non-small Cell Lung Carcinoma	Predisposing, Predictive	5	28	19	1205740	1228428
PTEN	SO:0002054	loss_of_function_variant	LOSS	ENST00000371953.3	B	Colorectal Cancer, Prostate Cancer, Bladder Carcinoma, Melanoma, Breast Cancer, Cancer, Endometrial Cancer, Gastric Adenocarcinoma, Pancreatic Carcinoma, Her2-receptor Positive Breast Cancer, Stomach Cancer, Ovarian Cancer, Stomach Carcinoma	Predictive, Prognostic	23	192	10	89622870	89731687
CHEK2	SO:0002054	loss_of_function_variant	LOSS-OF-FUNCTION	ENST00000328354.6	B	Cancer	Predisposing	1	20	22	29083732	29137832
CDKN2A	SO:0002054	loss_of_function_variant	LOSS	ENST00000579755.1	C	Ovarian Cancer, Skin Melanoma, Renal Cell Carcinoma, Her2-receptor Negative Breast Cancer, Ewing Sarcoma, Glioblastoma Multiforme, Dermatofibrosarcoma Protuberans	Predictive	8	43	9	21967752	21994623
BRCA2	SO:0002054	loss_of_function_variant	LOSS-OF-FUNCTION	ENST00000380152.3	B	Ovarian Cancer, Prostate Cancer, Pancreatic Cancer, Breast Cancer, Her2-receptor Negative Breast Cancer	Predictive, Prognostic	8	96	13	32889611	32973347
VHL	SO:0002054	loss_of_function_variant	LOSS	ENST00000256474.2	B	Renal Carcinoma, Renal Cell Carcinoma	Predictive	2	22	3	10182692	10193904
RUNX1	SO:0002054	loss_of_function_variant	MUTATION	ENST00000300305.3	B	Acute Myeloid Leukemia, Acute Lymphocytic Leukemia	Predictive, Prognostic	6	88	21	36160098	36421641
NF1	SO:0002054	loss_of_function_variant	MUTATION	ENST00000358273.4	B	Skin Melanoma, Plexiform Neurofibroma	Predictive	5	38	17	29421945	29704695
CEBPA	SO:0002054	loss_of_function_variant	BIALLELIC INACTIVATION	ENST00000498907.2	B	Acute Myeloid Leukemia	Prognostic	1	20	19	33790840	33793470
BAP1	SO:0002054	loss_of_function_variant	MUTATION	ENST00000460680.1	B	Renal Clear Cell Carcinoma, Uveal Melanoma, Malignant Mesothelioma, Renal Cell Carcinoma	Prognostic, Predictive	5	64	3	52435029	52444366
ERBB2	SO:0001821	inframe_insertion	M774INSAYVM	ENST00000269571.5	C	Non-small Cell Lung Carcinoma, Lung Carcinoma, Lung Adenocarcinoma	Predictive	6	52	17	37880993	37880994
FLT3	SO:0001821	inframe_insertion	ITD	ENST00000241453.7	A	Acute Myeloid Leukemia, Acute Promyelocytic Leukemia	Prognostic, Predictive, Diagnostic	27	350	13	28608219	28608351
KRAS	SO:0001818	protein_altering_variant	MUTATION	ENST00000256078.4	A	Non-small Cell Lung Carcinoma, Colorectal Cancer, Endometrial Cancer, Pancreatic Adenocarcinoma, Ovarian Cancer, Cancer, Lung Adenocarcinoma, Pseudomyxoma Peritonei, Hepatocellular Carcinoma	Predictive, Prognostic, Predisposing	40	417	12	25362365	25403737
IDH1	SO:0001818	protein_altering_variant	R132	ENST00000415913.1	B	Acute Myeloid Leukemia, Glioblastoma Multiforme, Astrocytoma, Myelodysplastic Syndrome	Prognostic, Diagnostic	8	108	2	209113111	209113113
TP53	SO:0001818	protein_altering_variant	MUTATION	ENST00000269305.4	A	Chronic Lymphocytic Leukemia, Head And Neck Squamous Cell Carcinoma, Precursor B Lymphoblastic Lymphoma/leukemia, Myeloma, Myelodysplastic Syndrome, Adrenocortical Carcinoma, Gastric Adenocarcinoma, Breast Cancer, Acute Myeloid Leukemia, Esophagus Squamous Cell Carcinoma, Non-small Cell Lung Carcinoma, Stomach Carcinoma	Prognostic, Predictive	24	311	17	7571720	7590856
EZH2	SO:0001818	protein_altering_variant	MUTATION	ENST00000320356.2	B	Myelodysplastic Syndrome, Follicular Lymphoma	Prognostic	2	28	7	148504477	148581370
TP53	SO:0001818	protein_altering_variant	R249	ENST00000269305.4	B	Breast Cancer	Prognostic, Predictive	2	24	17	7577535	7577535
PTEN	SO:0001818	protein_altering_variant	MUTATION	ENST00000371953.3	B	Endometrial Carcinoma, Cancer, Head And Neck Squamous Cell Carcinoma, Head And Neck Cancer, Prostate Cancer, Glioblastoma Multiforme	Predictive, Diagnostic	6	40	10	89622870	89731687
EZH2	SO:0001818	protein_altering_variant	Y646	ENST00000320356.2	B	Diffuse Large B-cell Lymphoma, Follicular Lymphoma, Skin Melanoma	Diagnostic, Predictive	3	36	7	148508726	148508728
NOTCH1	SO:0001818	protein_altering_variant	MUTATION	ENST00000277541.6	A	Chronic Lymphocytic Leukemia, Mantle Cell Lymphoma	Prognostic	4	65	9	139388896	139440314
SF3B1	SO:0001818	protein_altering_variant	MUTATION	ENST00000335508.6	A	Myelodysplastic Syndrome, Chronic Lymphocytic Leukemia	Prognostic	5	89	2	198254508	198299815
MTOR	SO:0001818	protein_altering_variant	MUTATION	ENST00000361445.4	B	Melanoma, Bladder Carcinoma	Prognostic, Predictive	2	21	1	11166592	11322564
FLT3	SO:0001818	protein_altering_variant	D835	ENST00000241453.7	B	Acute Myeloid Leukemia	Predictive	7	52	13	28592642	28592642
KRAS	SO:0001818	protein_altering_variant	G12/G13	ENST00000256078.4	B	Pancreatic Adenocarcinoma, Colorectal Cancer	Predictive, Prognostic	5	52	12	25398280	25398285
ASXL1	SO:0001818	protein_altering_variant	MUTATION	ENST00000375687.4	B	Acute Myeloid Leukemia, Myelofibrosis	Prognostic, Diagnostic	6	80	20	30946155	31027122
IDH2	SO:0001818	protein_altering_variant	MUTATION	ENST00000330062.3	B	Acute Myeloid Leukemia, Brain Glioma	Prognostic, Predictive	5	54	15	90626277	90645736
CSF3R	SO:0001818	protein_altering_variant	MUTATION	ENST00000373106.1	B	Chronic Neutrophilic Leukemia, Atypical Chronic Myeloid Leukemia	Diagnostic	2	24	1	36932096	36933444
EGFR	SO:0001818	protein_altering_variant	G719	ENST00000275493.2	B	Non-small Cell Lung Carcinoma, Lung Adenocarcinoma	Predictive	2	20	7	55241707	55241708
KRAS	SO:0001818	protein_altering_variant	G12	ENST00000256078.4	B	Acute Leukemia, Non-small Cell Lung Carcinoma, Colorectal Cancer, Multiple Myeloma, Lung Cancer	Diagnostic, Prognostic, Predictive	8	100	12	25398284	25398285
IDH2	SO:0001818	protein_altering_variant	R140	ENST00000330062.3	B	Acute Myeloid Leukemia, Myelodysplastic Syndrome	Prognostic	5	48	15	90631934	90631934
IDH2	SO:0001818	protein_altering_variant	R172	ENST00000330062.3	B	Peripheral T-cell Lymphoma, Astrocytoma, Glioblastoma Multiforme, Acute Myeloid Leukemia	Prognostic, Diagnostic	5	84	15	90631837	90631839
BRAF	SO:0001818	protein_altering_variant	V600	ENST00000288602.6	B	Melanoma, Colorectal Cancer, Non-small Cell Lung Carcinoma, Langerhans-Cell Histiocytosis	Diagnostic, Predictive	12	134	7	140453136	140453137
ALK	SO:0001886	transcript_fusion	EML4-ALK L1196M	ENST00000389048.3	B	Non-small Cell Lung Carcinoma, Lung Adenocarcinoma	Predictive	12	38	2	29443631	29443631
FCGR2A	SO:0001583	missense_variant	H167R	ENST00000271450.6	B	Breast Cancer	Prognostic	2	28	1	161479745	161479745
FCGR3A	SO:0001583	missense_variant	F212V	ENST00000367969.3	B	Breast Cancer	Prognostic, Predictive	2	28	1	161514542	161514542
KRAS	SO:0001583	missense_variant	EXON 2 MUTATION	ENST00000256078.4	A	Non-small Cell Lung Carcinoma, Colorectal Cancer, Pancreatic Cancer, Pancreatic Carcinoma	Predictive, Prognostic	9	121	12	25398208	25398329
EGFR	SO:0001583	missense_variant	S492R	ENST00000275493.2	C	Colorectal Cancer	Predictive	4	34	7	55228009	55228009
NRAS	SO:0001583	missense_variant	Q61	ENST00000369535.4	B	Melanoma, Colorectal Cancer, Follicular Thyroid Carcinoma, Skin Melanoma	Diagnostic, Predictive, Prognostic	7	78	1	115256528	115256530
EGFR	SO:0001583	missense_variant	G719S	ENST00000275493.2	B	Non-small Cell Lung Carcinoma, Colorectal Cancer, Lung Adenocarcinoma	Predictive	7	28	7	55241707	55241707
ALK	SO:0001583	missense_variant	F1174L	ENST00000389048.3	B	Inflammatory Myofibroblastic Tumor, Neuroblastoma, Non-small Cell Lung Carcinoma, Lung Large Cell Carcinoma	Predictive	12	64	2	29443695	29443695
KRAS	SO:0001583	missense_variant	G12A	ENST00000256078.4	B	Lung Adenocarcinoma, Colorectal Cancer, Non-small Cell Lung Carcinoma, Multiple Myeloma, Lung Cancer, Colon Cancer	Predictive	30	32	12	25398284	25398284
KIT	SO:0001583	missense_variant	D816V	ENST00000288135.5	B	Acute Myeloid Leukemia, Systemic Mastocytosis, Gastrointestinal Stromal Tumor, Chronic Myeloid Leukemia	Prognostic, Predictive	8	48	4	55599321	55599321
TP53	SO:0001583	missense_variant	P72R	ENST00000269305.4	B	Lung Carcinoma, Cervical Cancer, Breast Cancer	Prognostic, Predisposing	3	36	17	7579472	7579472
PIK3CA	SO:0001583	missense_variant	H1047R	ENST00000263967.3	B	Colorectal Cancer, Breast Cancer, Head And Neck Cancer, Head And Neck Squamous Cell Carcinoma, Her2-receptor Positive Breast Cancer, Lung Adenocarcinoma, Thyroid Cancer, Non-small Cell Lung Carcinoma	Predictive, Prognostic	38	88	3	178952085	178952085
AKT1	SO:0001583	missense_variant	E17K	ENST00000407796.2	B	Breast Cancer, Melanoma, Cancer	Predictive	5	35	14	105246551	105246551
RET	SO:0001583	missense_variant	M918T	ENST00000355710.3	B	Thyroid Medullary Carcinoma	Predictive, Diagnostic, Prognostic	6	60	10	43617416	43617416
TP53	SO:0001583	missense_variant	R248Q	ENST00000269305.4	B	Breast Cancer, Cancer	Prognostic, Predictive	3	32	17	7577538	7577538
TP53	SO:0001583	missense_variant	R273C	ENST00000269305.4	B	Breast Cancer, Stomach Carcinoma, Cancer	Prognostic, Predictive	4	32	17	7577121	7577121
BTK	SO:0001583	missense_variant	C481S	ENST00000308731.7	B	Chronic Lymphocytic Leukemia	Predictive	2	32	X	100611165	100611165
KIT	SO:0001583	missense_variant	M541L	ENST00000288135.5	B	Chronic Myeloid Leukemia, Chronic Leukemia	Diagnostic, Predictive	2	22	4	55593464	55593464
PIK3CA	SO:0001583	missense_variant	E542K	ENST00000263967.3	B	Colorectal Cancer, Breast Cancer, Head And Neck Squamous Cell Carcinoma, Thyroid Cancer, Non-small Cell Lung Carcinoma	Predictive, Prognostic	21	68	3	178936082	178936082
BRAF	SO:0001583	missense_variant	V600E	ENST00000288602.6	A	Thyroid Cancer, Melanoma, Colorectal Cancer, Papillary Thyroid Carcinoma, Myeloma, Non-small Cell Lung Carcinoma, Hairy Cell Leukemia, Cancer, Skin Melanoma, Gastrointestinal Neuroendocrine Tumor, Multiple Myeloma, Malignant Glioma, Anaplastic Thyroid Carcinoma, Glioblastoma Multiforme, Pilocytic Astrocytoma, Colon Cancer, Ganglioglioma, Clear Cell Sarcoma, Lung Adenocarcinoma, Thyroid Carcinoma, Pleomorphic Xanthoastrocytoma, Ovarian Cystadenocarcinoma, Malignant Peripheral Nerve Sheath Tumor, Histiocytoma, Malignant Conjunctival Melanoma	Diagnostic, Predictive, Prognostic	138	597	7	140453136	140453136
U2AF1	SO:0001583	missense_variant	Q157P/R	ENST00000291552.4	B	Myelodysplastic Syndrome, Acute Myeloid Leukemia	Prognostic, Diagnostic	4	40	21	44514777	44514777
DNMT3A	SO:0001583	missense_variant	R882	ENST00000264709.3	A	Acute Myeloid Leukemia	Diagnostic, Predictive, Prognostic	28	411	2	25457241	25457243
PDGFRA	SO:0001583	missense_variant	D842V	ENST00000257290.5	B	Gastrointestinal Stromal Tumor	Diagnostic, Predictive	11	82	4	55152093	55152093
ABL1	SO:0001886	transcript_fusion	BCR-ABL F317L	ENST00000318560.5	B	Chronic Myeloid Leukemia, Acute Lymphocytic Leukemia	Predictive	15	50	9	133748288	133748288
NT5C2	SO:0001583	missense_variant	K359Q	ENST00000343289.5	B	T-cell Acute Lymphoblastic Leukemia, Acute Lymphocytic Leukemia	Predictive, Prognostic	3	32	10	104852980	104852980
ERCC2	SO:0001583	missense_variant	K751Q	ENST00000391945.4	B	Non-small Cell Lung Carcinoma, Osteosarcoma	Predictive	2	28	19	45854919	45854919
BRAF	SO:0001583	missense_variant	V600K	ENST00000288602.6	B	Melanoma	Predictive	15	41	7	140453136	140453137
U2AF1	SO:0001583	missense_variant	S34Y/F	ENST00000291552.4	B	Acute Myeloid Leukemia, Myelodysplastic Syndrome	Diagnostic, Prognostic	3	32	21	44524456	44524456
ALK	SO:0001583	missense_variant	R1275Q	ENST00000389048.3	B	Neuroblastoma	Predictive	8	38	2	29432664	29432664
IDH2	SO:0001583	missense_variant	R172K	ENST00000330062.3	B	Acute Myeloid Leukemia, Myelodysplastic Syndrome	Prognostic	3	28	15	90631838	90631838
PIK3CA	SO:0001583	missense_variant	E545K	ENST00000263967.3	B	Breast Cancer, Lung Adenocarcinoma, Her2-receptor Positive Breast Cancer, Cancer, Colorectal Cancer, Melanoma, Non-small Cell Lung Carcinoma, Cervix Carcinoma	Predictive, Prognostic	18	49	3	178936091	178936091
TP53	SO:0001583	missense_variant	R273H	ENST00000269305.4	B	Breast Cancer, Cancer	Prognostic, Predictive	3	32	17	7577120	7577120
VHL	SO:0001583	missense_variant	R167W (c.499C>T)	ENST00000	C	Von Hippel-Lindau Disease	Predisposing	24	189	3	10191506	10191506
KRAS	SO:0001583	missense_variant	G12R	ENST00000256078.4	B	Pancreatic Cancer, Colorectal Cancer, Non-small Cell Lung Carcinoma, Thyroid Cancer, Thyroid Carcinoma, Colon Cancer	Prognostic, Predictive	22	40	12	25398285	25398285
IDH1	SO:0001583	missense_variant	R132C	ENST00000415913.1	B	Acute Myeloid Leukemia, Brain Glioma, Glioblastoma Multiforme, Malignant Glioma	Diagnostic, Prognostic, Predictive	11	60	2	209113113	209113113
ABL1	SO:0001886	transcript_fusion	BCR-ABL T334I	ENST00000372348.2	B	Chronic Myeloid Leukemia, Acute Lymphocytic Leukemia	Predictive	29	56	9	133748283	133748283
KRAS	SO:0001583	missense_variant	G12D	ENST00000256078.4	B	Colorectal Cancer, Lung Cancer, Pancreatic Carcinoma, Pancreatic Cancer, Tumor Of Exocrine Pancreas, Hairy Cell Leukemia, Pancreatic Ductal Carcinoma, Melanoma, Ovarian Cancer, Colon Cancer, Multiple Myeloma, Skin Squamous Cell Carcinoma, Non-small Cell Lung Carcinoma	Prognostic, Diagnostic, Predictive	56	115	12	25398284	25398284
KRAS	SO:0001583	missense_variant	G13D	ENST00000256078.4	B	Colorectal Cancer, Non-small Cell Lung Carcinoma, Colon Cancer	Predictive	31	64	12	25398281	25398281
ALK	SO:0001886	transcript_fusion	ALK FUSION G1202R	ENST00000389048.3	C	Non-small Cell Lung Carcinoma, Cancer, Lung Adenocarcinoma	Predictive	8	41	2	29443613	29443613
ROS1	SO:0001886	transcript_fusion	CD74-ROS1 G2032R	ENST00000368508.3	C	Lung Adenocarcinoma, Non-small Cell Lung Carcinoma	Predictive	7	49	6	117638347	117638347
XRCC1	SO:0001583	missense_variant	Q399R	ENST00000262887.5	B	Non-small Cell Lung Carcinoma, Cervical Cancer	Prognostic, Predictive	2	32	19	44055726	44055726
MAP2K7	SO:0001583	missense_variant	E116K	ENST00000397979.3	B	Lung Cancer	Prognostic	1	20	19	7975157	7975157
KRAS	SO:0001583	missense_variant	G12C	ENST00000256078.4	B	Lung Cancer, Cancer, Non-small Cell Lung Carcinoma, Colorectal Cancer, Multiple Myeloma, Skin Squamous Cell Carcinoma, Lung Adenocarcinoma, Colon Cancer	Diagnostic, Predictive, Prognostic	39	70	12	25398285	25398285
ALK	SO:0001886	transcript_fusion	ALK FUSION I1171	ENST00000389048.3	C	Non-small Cell Lung Carcinoma, Anaplastic Large Cell Lymphoma	Predictive	10	59	2	29445213	29445213
EGFR	SO:0001583	missense_variant	T790M	ENST00000275493.2	A	Non-small Cell Lung Carcinoma, Lung Adenocarcinoma, Lung Cancer, Chronic Myeloid Leukemia, Hematologic Cancer	Predictive, Prognostic	40	330	7	55249071	55249071
HOXB13	SO:0001583	missense_variant	G84E	ENST00000290295.7	B	Prostate Cancer	Predisposing	2	32	17	46805705	46805705
DPYD	SO:0001583	missense_variant	DPYD*13 HOMOZYGOSITY	ENST00000370192.3	A	Cancer	Predictive	1	25	1	97981343	97981343
MTHFR	SO:0001583	missense_variant	A222V	ENST00000376592.1	B	Stomach Cancer, Rectum Cancer, Pancreatic Cancer	Predictive, Prognostic	3	44	1	11856378	11856378
KRAS	SO:0001583	missense_variant	A146T	ENST00000256078.4	B	Colorectal Cancer	Predictive	7	42	12	25378562	25378562
CTNNB1	SO:0001583	missense_variant	T41A	ENST00000349496.5	B	Desmoid Fibromatosis	Diagnostic, Prognostic	3	44	3	41266124	41266124
CTNNB1	SO:0001583	missense_variant	S45F	ENST00000349496.5	B	Desmoid Fibromatosis	Prognostic, Diagnostic	3	44	3	41266137	41266137
CTNNB1	SO:0001583	missense_variant	S45P	ENST00000349496.5	B	Desmoid Fibromatosis	Diagnostic, Prognostic	3	28	3	41266136	41266136
EGFR	SO:0001583	missense_variant	L858R	ENST00000275493.2	A	Non-small Cell Lung Carcinoma, Lung Adenocarcinoma, Cancer, Lung Small Cell Carcinoma, Hematologic Cancer, Malignant Glioma	Predictive, Prognostic	43	223	7	55259515	55259515
BRAF	SO:0001583	missense_variant	V600D	ENST00000288602.6	B	Melanoma	Predictive	3	20	7	140453135	140453136
VHL	SO:0001583	missense_variant	C162F (c.485G>T)	ENST00000256474.2	C	Von Hippel-Lindau Disease	Predisposing	3	27	3	10191492	10191492
GNAS	SO:0001583	missense_variant	T393C	ENST00000371100	B	Intrahepatic Cholangiocarcinoma, Bladder Urothelial Carcinoma, Esophageal Cancer, Melanoma, Renal Clear Cell Carcinoma, Chronic Lymphocytic Leukemia, Colorectal Cancer, Non-small Cell Lung Carcinoma, Breast Carcinoma	Prognostic, Predictive	9	132	20	57428713	57428713
VHL	SO:0001583	missense_variant	R167Q (c.500G>A)	ENST00000256474.2	C	Von Hippel-Lindau Disease, Adrenal Gland Pheochromocytoma	Predisposing	26	210	3	10191507	10191507
KRAS	SO:0001583	missense_variant	G12V	ENST00000256078.4	B	Non-small Cell Lung Carcinoma, Colorectal Cancer, Cancer, Lung Cancer, Colon Cancer	Predictive, Prognostic	33	44	12	25398284	25398284
WT1	SO:0001791	exon_variant	EXON 7 MUTATION	ENST00000332351.3	B	Acute Myeloid Leukemia	Predictive, Prognostic	9	104	11	32417803	32417953
WT1	SO:0001791	exon_variant	EXON 9 MUTATION	ENST00000332351.3	B	Acute Myeloid Leukemia	Prognostic	2	28	11	32413518	32413610
NPM1	SO:0001791	exon_variant	EXON 12 MUTATION	ENST00000517671.1	A	Acute Myeloid Leukemia	Diagnostic, Predictive, Prognostic	30	355	5	170837531	170837569
KIT	SO:0001791	exon_variant	EXON 9 MUTATION	ENST00000288135.5	B	Gastrointestinal Stromal Tumor	Predictive	3	40	4	55592023	55592216
CALR	SO:0001791	exon_variant	EXON 9 FRAMESHIFT	ENST00000316448.5	A	Myelofibrosis, Chronic Myeloproliferative Disease	Prognostic, Predictive	3	52	19	13054527	13054727
KRAS	SO:0001624	3_prime_UTR_variant	RS61764370	ENST00000311936.3	B	Epithelial Ovarian Cancer, Head And Neck Squamous Cell Carcinoma	Predictive	2	24	12	25360224	25360224
EGFR	SO:0001650	inframe_variant	MUTATION	ENST00000275493.2	B	Colorectal Cancer, Lung Adenocarcinoma, Non-small Cell Lung Carcinoma, Lung Cancer	Predictive, Prognostic	9	114	7	55086794	55279321
EGFR	SO:0001826	disruptive_inframe_deletion	VIII	ENST00000275493.2	B	Glioblastoma Multiforme, Brain Glioma, Head And Neck Squamous Cell Carcinoma, Malignant Glioma	Predictive	7	56	7	55087058	55223523
KIT	SO:0001580	coding_sequence_variant	EXON 11 MUTATION	ENST00000288135.5	B	Gastrointestinal Stromal Tumor, Lung Cancer, Melanoma	Prognostic, Diagnostic, Predictive	10	105	4	55593582	55593708
EGFR	SO:0001822	inframe_deletion	EXON 19 DELETION	ENST00000275493.2	A	Non-small Cell Lung Carcinoma, Lung Adenocarcinoma	Predictive	15	190	7	55242415	55242513
DNMT3A	SO:0001576	transcript_variant	MUTATION	ENST00000264709.3	B	Acute Myeloid Leukemia, T-cell Acute Lymphoblastic Leukemia, Myelodysplastic Syndrome, Cancer	Prognostic, Predictive	7	92	2	25455845	25565459
TP53	SO:0001910	frameshift_truncation	TRUNCATING MUTATION	ENST00000269305.4	B	Head And Neck Squamous Cell Carcinoma	Prognostic	2	32	17	7573998	7579714
NOTCH1	SO:0001910	frameshift_truncation	P2514FS	ENST00000277541.6	B	Chronic Lymphocytic Leukemia	Prognostic	2	28	9	139390649	139390650
NPM1	SO:0001909	frameshift_elongation	W288FS	ENST00000517671.1	A	Acute Myeloid Leukemia	Diagnostic, Predictive	5	66	5	170837547	170837548
FLT3	SO:0001992	nonsynonymous_variant	TKD MUTATION	ENST00000241453.7	B	Acute Myeloid Leukemia	Prognostic, Diagnostic, Predictive	7	96	13	28592642	28592642
MET	SO:0001572	exon_loss_variant	EXON 14 SKIPPING MUTATION	ENST00000318493.6	C	Lung Adenocarcinoma, Cancer	Predictive	6	42	7	116411903	116412043
ABCB1	SO:0001819	synonymous_variant	I1145I	ENST00000265724.3	B	Non-small Cell Lung Carcinoma, Breast Cancer	Predictive, Prognostic	2	20	7	87138645	87138645
DPYD	SO:0001575	splice_donor_variant	DPYD*2A HOMOZYGOSITY	ENST00000370192.3	A	Cancer	Predictive	1	25	1	97915614	97915614
UGT1A1	SO:0000289	microsatellite	UGT1A1*28	ENST00000305208.5	A	Cancer	Predictive	1	25	2	234668881	234668882
TP53	SO:0001429	DNA_binding_site	DNA BINDING DOMAIN MUTATION	ENST00000269305.4	B	Oral Squamous Cell Carcinoma, Breast Cancer	Prognostic, Predictive	2	28	17	7577149	7578443
CCND1	SO:0001889	transcript_amplification	AMPLIFICATION	ENST00000227507.2	B	Non-small Cell Lung Carcinoma, Breast Cancer, Renal Cell Carcinoma, Skin Melanoma, Ovarian Cancer	Prognostic, Predictive	6	46	11	69455855	69469242
EGFR	SO:0001889	transcript_amplification	AMPLIFICATION	ENST00000275493.2	B	Barrett's Adenocarcinoma, Cervical Squamous Cell Carcinoma, Colorectal Cancer, Head And Neck Squamous Cell Carcinoma, Non-small Cell Lung Carcinoma	Prognostic, Predictive	9	110	7	55086794	55279321
CCNE1	SO:0001889	transcript_amplification	AMPLIFICATION	ENST00000262643.3	B	Ovarian Carcinoma, Ovarian Serous Cystadenocarcinoma, Estrogen-receptor Positive Breast Cancer	Prognostic, Predictive	3	30	19	30302805	30315215
PIK3CA	SO:0001889	transcript_amplification	AMPLIFICATION	ENST00000263967.3	B	Gastric Adenocarcinoma, Epithelial Ovarian Cancer, Head And Neck Squamous Cell Carcinoma, Stomach Carcinoma	Prognostic, Predictive	4	26	3	178866311	178957881
MET	SO:0001889	transcript_amplification	AMPLIFICATION	ENST00000318493.6	C	Gastric Adenocarcinoma, Non-small Cell Lung Carcinoma, Lung Adenocarcinoma, Lung Squamous Cell Carcinoma, Glioblastoma Multiforme, Colorectal Cancer, Cancer	Predictive	14	109	7	116312459	116436396
MYCN	SO:0001889	transcript_amplification	AMPLIFICATION	ENST00000281043.3	A	Neuroblastoma, Medulloblastoma	Predictive, Prognostic	4	38	2	16080686	16087129
CDK4	SO:0001889	transcript_amplification	AMPLIFICATION	ENST00000257904.6	B	Liposarcoma	Predictive	2	24	12	58141510	58146304
ERBB2	SO:0001889	transcript_amplification	AMPLIFICATION	ENST00000269571.5	A	Breast Cancer, Gastric Adenocarcinoma, Uterine Corpus Endometrial Carcinoma, Colorectal Cancer, Pancreatic Adenocarcinoma, Her2-receptor Positive Breast Cancer, Non-small Cell Lung Carcinoma, Uterine Corpus Serous Adenocarcinoma, Endometrial Cancer, Lung Adenocarcinoma, Scrotum Paget's Disease, Lung Small Cell Carcinoma	Predictive, Prognostic	52	621	17	37856333	37884915
FGFR2	SO:0001889	transcript_amplification	AMPLIFICATION	ENST00000457416.2	B	Breast Cancer, Stomach Carcinoma	Predictive	2	20	10	123239371	123357917
FGFR1	SO:0001889	transcript_amplification	AMPLIFICATION	ENST00000425967.3	B	Non-small Cell Lung Carcinoma, Breast Cancer, Lung Squamous Cell Carcinoma, Cancer, Bone Ewing's Sarcoma, Estrogen-receptor Positive Breast Cancer, Bladder Carcinoma	Predictive, Prognostic	16	152	8	38268656	38325363
TERT	SO:0001566	regulatory_region_variant	C228T	ENST00000310581.5	B	Papillary Thyroid Carcinoma, Thyroid Cancer	Prognostic, Diagnostic	2	32	5	1295228	1295228
TERT	SO:0001566	regulatory_region_variant	PROMOTER MUTATION	ENST00000310581.5	B	Thyroid Cancer, Skin Melanoma, Glioblastoma Multiforme, Brain Glioma	Diagnostic, Prognostic	5	64	5	1295161	1295373
BCL2L11	SO:0001025	polymorphic_sequence_variant	DELETION POLYMORPHISM	ENST00000393256.3	B	Non-small Cell Lung Carcinoma, Chronic Myeloid Leukemia	Predictive	2	32	2	111883195	111886097
