	chrom	start	stop	reference	variant	sample	type	gene_name	genome	strand	trv_type	c_position	amino_acid	tier	NORMAL_EXOME_ref_count	NORMAL_EXOME_var_count	NORMAL_EXOME_VAF	TUMOR_EXOME_ref_count	TUMOR_EXOME_var_count	Coverage	VAF
0	chr13	28592642	28592642	C	G	AML31	SNP	FLT3	37	-1	missense	c.2503	p.D835H	tier1	179.0	0.0	0.0	156	65	400	29.41
1	chr2	25457242	25457242	C	T	AML31	SNP	DNMT3A	37	-1	missense	c.2645	p.R882H	tier1	214.0	0.0	0.0	98	100	412	50.51
2	chr2	209113112	209113112	C	T	AML31	SNP	IDH1	37	-1	missense	c.395	p.R132H	tier1	245.0	0.0	0.0	142	54	441	27.55
3	chr15	90631934	90631934	C	T	AML31	SNP	IDH2	37	-1	missense	c.419	p.R140Q	tier1	286.0	0.0	0.0	257	6	549	2.28
4	chr3	38182641	38182641	T	C	H_ML-08-0075-248	SNP	MYD88	37	1	missense	c.818	p.L273P	tier1	901.0	0.0	0.0	786	17	1704	2.12
5	chr4	106190857	106190857	G	T	H_ML-08-0075-248	SNP	TET2	37	1	missense	c.4135	p.A1379S	tier1	1239.0	1.0	0.08	841	84	2165	9.07
6	chr4	106190858	106190858	C	T	H_ML-08-0075-248	SNP	TET2	37	1	missense	c.4136	p.A1379V	tier1	1239.0	3.0	0.24	844	85	2171	9.15
7	chr4	106197210	106197210	C	G	H_ML-08-0075-248	SNP	TET2	37	1	nonsense	c.5543	p.S1848*	tier1	1600.0	1.0	0.06	1020	208	2829	16.92
8	chr11	108196129	108196129	C	A	H_ML-08-0075-513	SNP	ATM	37	1	missense	c.6665	p.P2222H	tier1	546.0	1.0	0.18	377	18	942	4.55
9	chr12	25380347	25380347	C	A	H_ML-08-0075-513	SNP	KRAS	37	-1	splice_site	c.112-1	e2-1	tier1	597.0	0.0	0.0	496	26	1119	4.98
10	chr13	32913614	32913614	G	A	H_ML-08-0075-513	SNP	BRCA2	37	1	missense	c.5122	p.A1708T	tier1	349.0	0.0	0.0	273	20	642	6.83
11	chr17	41209104	41209104	C	A	H_ML-08-0075-513	SNP	BRCA1	37	-1	missense	c.1930	p.G644C	tier1	469.0	0.0	0.0	478	41	988	7.9
12	chr17	7574003	7574003	G	A	H_ML-08-0075-513	SNP	TP53	37	-1	nonsense	c.628	p.R210*	tier1	608.0	1.0	0.16	626	78	1313	11.08
13	chr1	11184643	11184643	G	T	H_ML-08-0075-513	SNP	MTOR	37	-1	missense	c.6574	p.L2192M	tier1	805.0	0.0	0.0	786	79	1670	9.13
14	chr1	11187201	11187201	C	T	H_ML-08-0075-513	SNP	MTOR	37	-1	missense	c.6217	p.A2073T	tier1	764.0	1.0	0.13	866	40	1671	4.42
15	chr1	11856310	11856310	C	T	H_ML-08-0075-513	SNP	MTHFR	37	-1	missense	c.856	p.D286N	tier1	627.0	0.0	0.0	660	50	1337	7.04
16	chr20	31021383	31021383	T	C	H_ML-08-0075-513	SNP	ASXL1	37	1	missense	c.1382	p.L461P	tier1	1018.0	0.0	0.0	989	66	2073	6.25
17	chr20	31024381	31024381	G	A	H_ML-08-0075-513	SNP	ASXL1	37	1	missense	c.3866	p.R1289Q	tier1	964.0	0.0	0.0	888	112	1964	11.17
18	chr2	198274698	198274698	C	T	H_ML-08-0075-513	SNP	SF3B1	37	-1	missense	c.700	p.E234K	tier1	611.0	0.0	0.0	580	63	1254	9.8
19	chr2	25467495	25467495	C	A	H_ML-08-0075-513	SNP	DNMT3A	37	-1	missense	c.1014	p.Q338H	tier1	933.0	8.0	0.85	1103	24	2068	2.13
20	chr7	50455100	50455100	T	C	SCLC2	SNP	IKZF1	37	1	missense	c.647	p.L216S	tier1	73.0	0.0	0.0	73	30	176	29.13
21	chr10	89720650	89720650	G	T	SCLC2	SNP	PTEN	37	1	splice_site	c.802-1	e8-1	tier1	16.0	0.0	0.0	0	15	31	100.0
22	chr13	32914284	32914284	A	C	SCLC2	SNP	BRCA2	37	1	missense	c.5792	p.Q1931P	tier1	52.0	0.0	0.0	0	36	88	100.0
23	chr17	7577105	7577105	G	A	SCLC2	SNP	TP53	37	-1	missense	c.833	p.P278L	tier1	55.0	1.0	1.79	5	40	101	88.89
24	chr17	7577106	7577106	G	A	SCLC11	SNP	TP53	37	-1	missense	c.832	p.P278S	tier1	44.0	0.0	0.0	4	49	97	92.45
25	chr17	7577106	7577106	G	A	SCLC11	SNP	TP53	37	-1	missense	c.832	p.P278S	tier1	44.0	0.0	0.0	25	22	91	46.81
26	chr17	7577106	7577106	G	A	SCLC11	SNP	TP53	37	-1	missense	c.832	p.P278S	tier1	44.0	0.0	0.0	3	14	61	82.35
27	chr17	7577106	7577106	G	A	SCLC11	SNP	TP53	37	-1	missense	c.832	p.P278S	tier1	44.0	0.0	0.0	4	51	99	92.73
28	chr17	7577106	7577106	G	A	SCLC11	SNP	TP53	37	-1	missense	c.832	p.P278S	tier1	44.0	0.0	0.0	0	30	74	100.0
29	chr17	7577106	7577106	G	A	SCLC11	SNP	TP53	37	-1	missense	c.832	p.P278S	tier1	44.0	0.0	0.0	3	20	67	86.96
36	chr7	116339673	116339673	G	A	SCLC11	SNP	MET	37	1	missense	c.535	p.A179T	tier1	20.0	0.0	0.0	21	10	51	32.26
61	chr1	11187133	11187133	C	T	SCLC15	SNP	MTOR	37	-1	silent	c.6285	p.K2095	tier1	51.0	0.0	0.0	51	19	121	27.14
62	chr17	7578455	7578455	C	G	SCLC15	SNP	TP53	37	-1	missense	c.475	p.A159P	tier1	35.0	0.0	0.0	4	20	59	83.33
63	chr19	30314624	30314624	T	A	SCLC15	SNP	CCNE1	37	1	missense	c.1173	p.S391R	tier1	88.0	0.0	0.0	45	44	177	48.35
64	chr7	140453161	140453161	T	-	SCLC19	DEL	BRAF	37	-1	frame_shift_del	c.1774	p.I592fs	tier1	102.0	0.0	0.0	52	21	175	28.77
65	chr9	139401330	139401330	G	A	SCLC19	SNP	NOTCH1	37	-1	nonsense	c.3739	p.Q1247*	tier1	111.0	0.0	0.0	32	183	326	85.12
66	chr13	32912785	32912785	A	T	SCLC19	SNP	BRCA2	37	1	silent	c.4293	p.A1431	tier1	108.0	0.0	0.0	31	15	154	32.61
67	chr17	7578202	7578202	A	G	SCLC19	SNP	TP53	37	-1	missense	c.647	p.V216A	tier1	113.0	0.0	0.0	81	17	211	17.35
68	chr17	7578458	7578458	G	-	SCLC19	DEL	TP53	37	-1	frame_shift_del	c.472	p.R158fs	tier1	49.0	0.0	0.0	8	33	90	80.49
69	chr10	89690805	89690805	G	A	SCLC25	SNP	PTEN	37	1	missense	c.212	p.C71Y	tier1	106.0	0.0	0.0	3	49	158	94.23
70	chr17	7579373	7579373	C	A	SCLC25	SNP	TP53	37	-1	missense	c.314	p.G105V	tier1	220.0	0.0	0.0	5	138	363	95.83
71	chr18	48581325	48581325	G	A	SCLC25	SNP	SMAD4	37	1	missense	c.629	p.S210N	tier1	92.0	0.0	0.0	3	57	152	95.0
72	chr2	25459828	25459828	G	T	SCLC29	SNP	DNMT3A	37	-1	missense	c.2455	p.L819M	tier1	133.0	0.0	0.0	90	40	263	30.77
73	chr2	25463176	25463176	G	C	SCLC29	SNP	DNMT3A	37	-1	missense	c.2317	p.L773V	tier1	105.0	0.0	0.0	69	24	198	25.81
74	chr13	32915105	32915105	G	T	SCLC29	SNP	BRCA2	37	1	missense	c.6613	p.V2205L	tier1	108.0	0.0	0.0	95	43	246	31.16
75	chr17	7578518	7578518	C	G	SCLC29	SNP	TP53	37	-1	missense	c.412	p.A138P	tier1	86.0	0.0	0.0	17	43	146	71.67
76	chr9	139396722	139396722	A	T	SCLC31	SNP	NOTCH1	37	-1	splice_site	c.5384+2	e28+2	tier1	110.0	0.0	0.0	53	35	198	39.77
77	chr9	139396724	139396736	TTGAGGCCCACGG	-	SCLC31	DEL	NOTCH1	37	-1	frame_shift_del	c.5384_5372	p.S1791fs	tier1	109.0	0.0	0.0	52	35	196	40.23
78	chr9	139396737	139396737	A	C	SCLC31	SNP	NOTCH1	37	-1	missense	c.5371	p.S1791A	tier1	104.0	2.0	1.85	47	35	188	42.17
79	chr10	89720808	89720808	T	C	SCLC31	SNP	PTEN	37	1	missense	c.959	p.L320S	tier1	218.0	0.0	0.0	2	73	293	96.05
80	chr17	7577532	7577532	G	A	SCLC31	SNP	TP53	37	-1	missense	c.749	p.P250L	tier1	322.0	0.0	0.0	3	94	419	96.91
81	chr17	74732920	74732920	C	A	SCLC31	SNP	SRSF2	37	-1	missense	c.323	p.R108L	tier1	59.0	0.0	0.0	25	23	107	47.92
82	chr10	89692921	89692922	-	T	Merck016	INS	PTEN	37	1	frame_shift_ins		p.C135fs	tier1	380.0	0.0	0.0	82	60	522	42.25
83	chr10	89692925	89692927	GCA	-	Merck016	DEL	PTEN	37	1	in_frame_del		p.A137in_frame_del	tier1	380.0	0.0	0.0	80	60	520	42.86
84	chr13	32937354	32937355	-	A	Merck016	INS	BRCA2	37	1	frame_shift_ins		p.I2675fs	tier1	121.0	0.0	0.0	20	39	180	66.1
85	chr17	41243482	41243482	G	C	Merck002	SNP	BRCA1	37	-1	missense		p.Q1356E	tier1	75.0	0.0	0.0	47	30	152	38.46
86	chr17	7576539	7576539	A	T	Merck012	SNP	TP53	37	-1	nonstop		p.*347K	tier1	170.0	0.0	0.0	155	103	428	39.77
87	chr17	7577121	7577121	G	A	Merck017	SNP	TP53	37	-1	missense		p.R141C	tier1	107.0	3.0	2.73	78	22	210	21.78
88	chr17	7577539	7577539	G	C	Merck012	SNP	TP53	37	-1	missense		p.R116G	tier1	75.0	0.0	0.0	77	52	204	40.0
89	chr17	7578395	7578395	G	A	Merck002	SNP	TP53	37	-1	missense		p.H47Y	tier1	149.0	0.0	0.0	57	59	265	50.86
90	chr17	7578469	7578469	C	A	Merck017	SNP	TP53	37	-1	missense		p.G22V	tier1	88.0	0.0	0.0	69	40	197	36.7
91	chr17	7579349	7579349	A	G	Merck016	SNP	TP53	37	-1	missense		p.F113S	tier1	286.0	2.0	0.69	48	197	533	80.08
92	chr17	7579528	7579528	C	T	Merck002	SNP	TP53	37	-1	nonsense		p.W53*	tier1	181.0	0.0	0.0	91	14	286	13.33
93	chr19	13054544	13054544	G	A	HOC71	SNP	CALR	37	1	missense		p.M357I	tier1	91.0	0.0	0.0	50	43	184	46.24
94	chr20	31022441	31022442	-	G	Merck002	INS	ASXL1	37	1	frame_shift_ins		p.G645fs	tier1	175.0	1.0	0.57	106	51	333	32.48
95	chr3	178928328	178928328	G	T	HOC71	SNP	PIK3CA	37	1	missense		p.G505V	tier1	87.0	1.0	1.14	62	27	177	30.34
96	chr3	178936082	178936082	G	A	Merck017	SNP	PIK3CA	37	1	missense		p.E542K	tier1	584.0	1.0	0.17	373	259	1217	40.92
97	chr8	38277223	38277223	G	A	Merck002	SNP	FGFR1	37	-1	missense		p.S402L	tier1	128.0	0.0	0.0	20	69	217	77.53
98	chr9	21971036	21971036	C	A	Merck012	SNP	CDKN2A	37	-1	missense		p.D122Y	tier1	293.0	0.0	0.0	122	146	561	54.48
99	chr9	21971120	21971120	G	A	Merck002	SNP	CDKN2A	37	-1	nonsense		p.R29*	tier1	295.0	0.0	0.0	65	240	600	78.69
100	chr9	21971208	21971208	C	A	HOC71	SNP	CDKN2A	37	-1	splice_site		e2-1	tier1	169.0	0.0	0.0	16	77	262	82.8
101	chr7	50367238	50367238	G	T	SCLC7	SNP	IKZF1	37	1	missense	c.45	p.K15N	tier1	48.0	0.0	0.0	19	18	85	48.65
102	chr7	148506233	148506233	C	T	SCLC7	SNP	EZH2	37	-1	missense	c.2125	p.G709S	tier1	46.0	0.0	0.0	21	8	75	27.59
103	chr17	7578226	7578226	T	A	SCLC7	SNP	TP53	37	-1	missense	c.623	p.D208V	tier1	74.0	0.0	0.0	7	27	108	79.41
104	chr2	111899959	111899959	C	T	SCLC8	SNP	BCL2L11	37	1	missense	c.278	p.A93V	tier1	34.0	0.0	0.0	23	9	66	27.27
105	chr9	139391547	139391547	G	A	SCLC8	SNP	NOTCH1	37	-1	missense	c.6644	p.S2215L	tier1	38.0	0.0	0.0	24	16	78	40.0
106	chr17	7579541	7579542	TC	-	SCLC8	DEL	TP53	37	-1	frame_shift_del	c.146_145	p.D49fs	tier1	33.0	0.0	0.0	18	14	65	43.75
107	chr9	21970952	21970952	C	T	colon_2	SNP	CDKN2A	37			c.405G>A	p.G135G					27	27	54	0.5
108	chr9	21971160	21971160	T	C	colon_2	SNP	CDKN2A	37			c.197A>G	p.H66R					36	36	72	0.5
109	chr9	21970929	21970929	G	C	colon_2	SNP	CDKN2A	37			c.428C>G	p.A143G					33	31	64	0.484375
110	chr19	1223045	1223045	C	A	colon_5	SNP	STK11	37			c.983C>A	p.T328N					75	36	111	0.324324
