	Unnamed: 0	chrom	start	stop	reference	variant	sample	type	gene_name	genome	strand	trv_type	c_position	amino_acid	tier	NORMAL_EXOME_ref_count	NORMAL_EXOME_var_count	NORMAL_EXOME_VAF	TUMOR_EXOME_ref_count	TUMOR_EXOME_var_count	Coverage	VAF	Passed QC
0	0	chr1	11184643	11184643	G	T	HL_2	SNP	MTOR	37	-1.0	missense	c.6574	p.L2192M	tier1	805.0	0.0	0.0	786	79	1670	9.13	no
1	1	chr1	11187133	11187133	C	T	SCLC_5	SNP	MTOR	37	-1.0	silent	c.6285	p.K2095	tier1	51.0	0.0	0.0	51	19	121	27.14	yes
2	2	chr1	11187201	11187201	C	T	HL_2	SNP	MTOR	37	-1.0	missense	c.6217	p.A2073T	tier1	764.0	1.0	0.13	866	40	1671	4.42	no
3	3	chr1	11856310	11856310	C	T	HL_2	SNP	MTHFR	37	-1.0	missense	c.856	p.D286N	tier1	627.0	0.0	0.0	660	50	1337	7.04	no
4	4	chr10	89690805	89690805	G	A	SCLC_8	SNP	PTEN	37	1.0	missense	c.212	p.C71Y	tier1	106.0	0.0	0.0	3	49	158	94.23	yes
5	5	chr10	89692921	89692922	-	T	OSCC_2	INS	PTEN	37	1.0	frame_shift_ins		p.C135fs	tier1	380.0	0.0	0.0	82	60	522	42.25	no
6	6	chr10	89692925	89692927	GCA	-	OSCC_2	DEL	PTEN	37	1.0	in_frame_del		p.A137in_frame_del	tier1	380.0	0.0	0.0	80	60	520	42.86	no
7	7	chr10	89720650	89720650	G	T	SCLC_4	SNP	PTEN	37	1.0	splice_site	c.802-1	e8-1	tier1	16.0	0.0	0.0	0	15	31	100.0	yes
8	8	chr10	89720808	89720808	T	C	SCLC_3	SNP	PTEN	37	1.0	missense	c.959	p.L320S	tier1	218.0	0.0	0.0	2	73	293	96.05	yes
9	9	chr11	108196129	108196129	C	A	HL_2	SNP	ATM	37	1.0	missense	c.6665	p.P2222H	tier1	546.0	1.0	0.18	377	18	942	4.55	no
10	10	chr12	25380347	25380347	C	A	HL_2	SNP	KRAS	37	-1.0	splice_site	c.112-1	e2-1	tier1	597.0	0.0	0.0	496	26	1119	4.98	no
11	11	chr12	25398281	25398281	G	A	CRC_4		KRAS	37			c.38G>A	p.G13D	NM_004985.3:c.38G>A				603	35	638	5.0	yes
12	12	chr12	25398284	25398284	G	A	CRC_1	SNP	KRAS	37			c.35G>A	p.G12D	NM_004985.3:c.35G>A				581	48	629	8.0	yes
13	13	chr12	25398284	25398284	G	A	CRC_3		KRAS	37			c.35G>A	p.G12D	NM_004985.3:c.35G>A				671	251	922	27.0	yes
14	16	chr13	28592642	28592642	C	G	AML_31	SNP	FLT3	37	-1.0	missense	c.2503	p.D835H	tier1	5937.0	5.0	0.08	6152	2829	14923	31.45	yes
15	17	chr13	32912785	32912785	A	T	SCLC_1	SNP	BRCA2	37	1.0	silent	c.4293	p.A1431	tier1	108.0	0.0	0.0	31	15	154	32.61	yes
16	18	chr13	32913614	32913614	G	A	HL_2	SNP	BRCA2	37	1.0	missense	c.5122	p.A1708T	tier1	349.0	0.0	0.0	273	20	642	6.83	no
17	19	chr13	32914284	32914284	A	C	SCLC_4	SNP	BRCA2	37	1.0	missense	c.5792	p.Q1931P	tier1	52.0	0.0	0.0	0	36	88	100.0	yes
18	20	chr13	32915105	32915105	G	T	SCLC_2	SNP	BRCA2	37	1.0	missense	c.6613	p.V2205L	tier1	108.0	0.0	0.0	95	43	246	31.16	yes
19	21	chr13	32937354	32937355	-	A	OSCC_2	INS	BRCA2	37	1.0	frame_shift_ins		p.I2675fs	tier1	121.0	0.0	0.0	20	39	180	66.1	no
20	22	chr15	90631934	90631934	C	T	AML_31	SNP	IDH2	37	-1.0	missense	c.419	p.R140Q	tier1	3075.0	2.0	0.06	4990	90	8157	1.77	yes
21	23	chr17	7574003	7574003	G	A	HL_2	SNP	TP53	37	-1.0	nonsense	c.628	p.R210*	tier1	608.0	1.0	0.16	626	78	1313	11.08	no
22	24	chr17	7576539	7576539	A	T	OSCC_3	SNP	TP53	37	-1.0	nonstop		p.*347K	tier1	170.0	0.0	0.0	155	103	428	39.77	no
23	25	chr17	7577094	7577094	C	T	CRC_5		TP53	37			c.844C>T	p.R282W	NM_000546.5:c.844C>T				242	216	458	47.0	yes
24	26	chr17	7577105	7577105	G	A	SCLC_4	SNP	TP53	37	-1.0	missense	c.833	p.P278L	tier1	55.0	1.0	1.79	5	40	101	88.89	yes
25	27	chr17	7577106	7577106	G	A	SCLC_9	SNP	TP53	37	-1.0	missense	c.832	p.P278S	tier1	44.0	0.0	0.0	4	49	97	92.45	yes
26	28	chr17	7577121	7577121	C	T	CRC_3		TP53	37			c.817C>T	p.R273C	NM_000546.5:c.817C>T				408	212	620	34.0	yes
27	29	chr17	7577121	7577121	G	A	OSCC_5	SNP	TP53	37	-1.0	missense		p.R141C	tier1	107.0	3.0	2.73	78	22	210	21.78	yes
28	32	chr17	7577142	7577142	C	T	AML_31	SNP	TP53	37	-1.0	missense	c.796	p.G266R	tier1	4803.0	4.0	0.08	7804	3	12614	0.04	yes
29	33	chr17	7577532	7577532	G	A	SCLC_3	SNP	TP53	37	-1.0	missense	c.749	p.P250L	tier1	322.0	0.0	0.0	3	94	419	96.91	yes
30	34	chr17	7577539	7577539	G	C	OSCC_3	SNP	TP53	37	-1.0	missense		p.R116G	tier1	75.0	0.0	0.0	77	52	204	40.0	no
31	35	chr17	7578202	7578202	T	A	CRC_2		TP53	37			c.647T>A	p.V216E	NM_000546.5:c.647T>A				256	224	480	47.0	yes
32	36	chr17	7578202	7578202	A	G	SCLC_1	SNP	TP53	37	-1.0	missense	c.647	p.V216A	tier1	113.0	0.0	0.0	81	17	211	17.35	yes
33	39	chr17	7578226	7578226	T	A	SCLC_6	SNP	TP53	37	-1.0	missense	c.623	p.D208V	tier1	74.0	0.0	0.0	7	27	108	79.41	yes
34	40	chr17	7578395	7578395	G	A	OSCC_1	SNP	TP53	37	-1.0	missense		p.H47Y	tier1	149.0	0.0	0.0	57	59	265	50.86	yes
35	41	chr17	7578406	7578406	G	A	CRC_4		TP53	37			c.524G>A	p.R175H	NM_000546.5:c.524G>A				298	30	328	9.0	yes
36	42	chr17	7578455	7578455	C	G	SCLC_5	SNP	TP53	37	-1.0	missense	c.475	p.A159P	tier1	35.0	0.0	0.0	4	20	59	83.33	yes
37	43	chr17	7578458	7578458	G	-	SCLC_1	DEL	TP53	37	-1.0	frame_shift_del	c.472	p.R158fs	tier1	49.0	0.0	0.0	8	33	90	80.49	yes
38	44	chr17	7578469	7578469	C	A	OSCC_5	SNP	TP53	37	-1.0	missense		p.G22V	tier1	88.0	0.0	0.0	69	40	197	36.7	yes
39	45	chr17	7578518	7578518	C	G	SCLC_2	SNP	TP53	37	-1.0	missense	c.412	p.A138P	tier1	86.0	0.0	0.0	17	43	146	71.67	yes
40	46	chr17	7579349	7579349	A	G	OSCC_2	SNP	TP53	37	-1.0	missense		p.F113S	tier1	286.0	2.0	0.69	48	197	533	80.08	no
41	47	chr17	7579373	7579373	C	A	SCLC_8	SNP	TP53	37	-1.0	missense	c.314	p.G105V	tier1	220.0	0.0	0.0	5	138	363	95.83	yes
42	48	chr17	7579528	7579528	C	T	OSCC_1	SNP	TP53	37	-1.0	nonsense		p.W53*	tier1	181.0	0.0	0.0	91	14	286	13.33	yes
43	49	chr17	7579541	7579542	TC	-	SCLC_7	DEL	TP53	37	-1.0	frame_shift_del	c.146_145	p.D49fs	tier1	33.0	0.0	0.0	18	14	65	43.75	yes
44	50	chr17	41209104	41209104	C	A	HL_2	SNP	BRCA1	37	-1.0	missense	c.1930	p.G644C	tier1	469.0	0.0	0.0	478	41	988	7.9	no
45	51	chr17	41243482	41243482	G	C	OSCC_1	SNP	BRCA1	37	-1.0	missense		p.Q1356E	tier1	75.0	0.0	0.0	47	30	152	38.46	yes
46	52	chr17	74732920	74732920	C	A	SCLC_3	SNP	SRSF2	37	-1.0	missense	c.323	p.R108L	tier1	59.0	0.0	0.0	25	23	107	47.92	yes
47	53	chr18	48581325	48581325	G	A	SCLC_8	SNP	SMAD4	37	1.0	missense	c.629	p.S210N	tier1	92.0	0.0	0.0	3	57	152	95.0	yes
48	54	chr19	1223046	1223046	C	A	CRC_5		STK11	37			c.983C>A	p.T328N	NM_000455.4:c.983C>A				75	36	111	32.0	yes
49	55	chr19	13054544	13054544	G	A	OSCC_4	SNP	CALR	37	1.0	missense		p.M357I	tier1	91.0	0.0	0.0	50	43	184	46.24	yes
50	56	chr19	30314624	30314624	T	A	SCLC_5	SNP	CCNE1	37	1.0	missense	c.1173	p.S391R	tier1	88.0	0.0	0.0	45	44	177	48.35	yes
51	57	chr2	25457242	25457242	C	T	AML_31	SNP	DNMT3A	37	-1.0	missense	c.2645	p.R882H	tier1	5267.0	6.0	0.12	4524	3971	13768	46.67	yes
52	58	chr2	25459828	25459828	G	T	SCLC_2	SNP	DNMT3A	37	-1.0	missense	c.2455	p.L819M	tier1	133.0	0.0	0.0	90	40	263	30.77	yes
53	59	chr2	25463176	25463176	G	C	SCLC_2	SNP	DNMT3A	37	-1.0	missense	c.2317	p.L773V	tier1	105.0	0.0	0.0	69	24	198	25.81	yes
54	60	chr2	25467495	25467495	C	A	HL_2	SNP	DNMT3A	37	-1.0	missense	c.1014	p.Q338H	tier1	933.0	8.0	0.85	1103	24	2068	2.13	no
55	61	chr2	111899959	111899959	C	T	SCLC_7	SNP	BCL2L11	37	1.0	missense	c.278	p.A93V	tier1	34.0	0.0	0.0	23	9	66	27.27	yes
56	62	chr2	198274698	198274698	C	T	HL_2	SNP	SF3B1	37	-1.0	missense	c.700	p.E234K	tier1	611.0	0.0	0.0	580	63	1254	9.8	no
57	63	chr2	209113112	209113112	C	T	AML_31	SNP	IDH1	37	-1.0	missense	c.395	p.R132H	tier1	6746.0	6.0	0.09	6239	3097	16088	33.14	yes
58	64	chr20	31021383	31021383	T	C	HL_2	SNP	ASXL1	37	1.0	missense	c.1382	p.L461P	tier1	1018.0	0.0	0.0	989	66	2073	6.25	no
59	65	chr20	31022441	31022442	-	G	OSCC_1	INS	ASXL1	37	1.0	frame_shift_ins		p.G645fs	tier1	175.0	1.0	0.57	106	51	333	32.48	yes
60	66	chr20	31024381	31024381	G	A	HL_2	SNP	ASXL1	37	1.0	missense	c.3866	p.R1289Q	tier1	964.0	0.0	0.0	888	112	1964	11.17	no
61	67	chr3	38182641	38182641	T	C	HL_1	SNP	MYD88	37	1.0	missense	c.818	p.L273P	tier1	901.0	0.0	0.0	786	17	1704	2.12	yes
62	68	chr3	178928328	178928328	G	T	OSCC_4	SNP	PIK3CA	37	1.0	missense		p.G505V	tier1	87.0	1.0	1.14	62	27	177	30.34	yes
63	69	chr3	178936082	178936082	G	A	OSCC_5	SNP	PIK3CA	37	1.0	missense		p.E542K	tier1	584.0	1.0	0.17	373	259	1217	40.92	yes
64	70	chr3	178936091	178936091	G	A	CRC_1	SNP	PIK3CA	37			c.1633G>A	p.E545K	NM_006218.2:c.1633G>A				533	52	585	9.0	yes
65	71	chr4	106164902	106164902	C	T	CRC_5		TET2	37			c.3770C>T	p.T1257M	NM_001127208.2:c.3770C>T				218	123	341	36.0	yes
66	72	chr4	106190857	106190857	G	T	HL_1	SNP	TET2	37	1.0	missense	c.4135	p.A1379S	tier1	1239.0	1.0	0.08	841	84	2165	9.07	yes
67	73	chr4	106190858	106190858	C	T	HL_1	SNP	TET2	37	1.0	missense	c.4136	p.A1379V	tier1	1239.0	3.0	0.24	844	85	2171	9.15	yes
68	74	chr4	106197210	106197210	C	G	HL_1	SNP	TET2	37	1.0	nonsense	c.5543	p.S1848*	tier1	1600.0	1.0	0.06	1020	208	2829	16.92	yes
69	75	chr7	50367238	50367238	G	T	SCLC_6	SNP	IKZF1	37	1.0	missense	c.45	p.K15N	tier1	48.0	0.0	0.0	19	18	85	48.65	yes
70	76	chr7	50455100	50455100	T	C	SCLC_4	SNP	IKZF1	37	1.0	missense	c.647	p.L216S	tier1	73.0	0.0	0.0	73	30	176	29.13	yes
71	77	chr7	116339673	116339673	G	A	SCLC_9	SNP	MET	37	1.0	missense	c.535	p.A179T	tier1	20.0	0.0	0.0	21	10	51	32.26	yes
72	78	chr7	140453136	140453136	T	A	CRC_2		BRAF	37			c.1799T>A	p.V600E	NM_004333.4:c.1799T>A				607	231	838	28.0	yes
73	79	chr7	140453161	140453161	T	-	SCLC_1	DEL	BRAF	37	-1.0	frame_shift_del	c.1774	p.I592fs	tier1	102.0	0.0	0.0	52	21	175	28.77	yes
74	80	chr7	148506233	148506233	C	T	SCLC_6	SNP	EZH2	37	-1.0	missense	c.2125	p.G709S	tier1	46.0	0.0	0.0	21	8	75	27.59	yes
75	81	chr8	38277223	38277223	G	A	OSCC_1	SNP	FGFR1	37	-1.0	missense		p.S402L	tier1	128.0	0.0	0.0	20	69	217	77.53	yes
76	82	chr9	21971036	21971036	C	A	OSCC_3	SNP	CDKN2A	37	-1.0	missense		p.D122Y	tier1	293.0	0.0	0.0	122	146	561	54.48	no
77	83	chr9	21971120	21971120	G	A	OSCC_1	SNP	CDKN2A	37	-1.0	nonsense		p.R29*	tier1	295.0	0.0	0.0	65	240	600	78.69	yes
78	84	chr9	21971208	21971208	C	A	OSCC_4	SNP	CDKN2A	37	-1.0	splice_site		e2-1	tier1	169.0	0.0	0.0	16	77	262	82.8	yes
79	85	chr9	139391547	139391547	G	A	SCLC_7	SNP	NOTCH1	37	-1.0	missense	c.6644	p.S2215L	tier1	38.0	0.0	0.0	24	16	78	40.0	yes
80	86	chr9	139396722	139396722	A	T	SCLC_3	SNP	NOTCH1	37	-1.0	splice_site	c.5384+2	e28+2	tier1	110.0	0.0	0.0	53	35	198	39.77	yes
81	87	chr9	139396724	139396736	TTGAGGCCCACGG	-	SCLC_3	DEL	NOTCH1	37	-1.0	frame_shift_del	c.5384_5372	p.S1791fs	tier1	109.0	0.0	0.0	52	35	196	40.23	yes
82	88	chr9	139396737	139396737	A	C	SCLC_3	SNP	NOTCH1	37	-1.0	missense	c.5371	p.S1791A	tier1	104.0	2.0	1.85	47	35	188	42.17	yes
83	89	chr9	139401330	139401330	G	A	SCLC_1	SNP	NOTCH1	37	-1.0	nonsense	c.3739	p.Q1247*	tier1	111.0	0.0	0.0	32	183	326	85.12	yes
